ad_id,ad_url,note,page_name,page_id,page_url,all_ads_url,start_date,end_date,days_running,is_active,format,is_ai_media,variants,creative_group_id,group_ad_sets,is_longest_copy,group_longest_days,landing_url,landing_domain,app_kind,cta,eu_reach,reach_per_day,impressions,reach_region,target_age_min,target_age_max,target_gender,target_countries,target_country_count,male_pct,female_pct,unknown_pct,top_country,top_country_reach,payer,beneficiary,media_type,media_count,media_urls,platforms,ad_title,ad_body
1845099549985551,https://www.facebook.com/ads/library/?id=1845099549985551,,الربيع لكهرباء وزينة السيارات,100179971546459,https://web.facebook.com/allrbye/,https://www.facebook.com/ads/library/?active_status=active&ad_type=all&media_type=all&search_type=page&country=JO&view_all_page_id=100179971546459,2026-09-23,2026-09-26,3,TRUE,VIDEO,FALSE,1,16qext2,1,TRUE,3,,,none,Call now,,,,,,,,,,,,,,,,,video,1,https://scontent.famm3-3.fna.fbcdn.net/o1/v/t2/f2/m366/AQPG-fQ1iVL0OU7wwzDD_Uup4uoQybQRGk5lOZP1dE2rgxK9f7ST41_ni-ntoqYQFJYf_jz9zUwsxPMcd5yhzaL7TNClPRd4E9bYIjun1RIcdQ.mp4?_nc_cat=105&_nc_oc=AdoEj8RsVQLYzx4Pux724WBpuX_eUmKK_E-ff_fnZ0geSwBCXKuqmjFEjGZ8hgm5SRc&_nc_sid=b66105&_nc_ht=scontent.famm3-3.fna.fbcdn.net&_nc_ohc=CL5j8L-0vhsQ7kNvwFOaVDN&efg=eyJ2ZW5jb2RlX3RhZyI6Inhwdl9wcm9ncmVzc2l2ZS5WSV9VU0VDQVNFX1BST0RVQ1RfVFlQRS4uQzMuNzIwLmRhc2hfaDI2NC1iYXNpYy1nZW4yXzcyMHAiLCJ4cHZfYXNzZXRfaWQiOjM5NzM0Njk0MzI3ODQwNDMsImFzc2V0X2FnZV9kYXlzIjoyLCJ2aV91c2VjYXNlX2lkIjoxMjM3MywiZHVyYXRpb25fcyI6NTEsInVybGdlbl9zb3VyY2UiOiJ3d3cifQ%3D%3D&ccb=17-1&vs=59f5a3d60d7652d1&_nc_vs=HBksFQIYRWZiX2VwaGVtZXJhbC85NzRCOUVGQTk0RkNCMEM2NUNDMzExQUMxMDg2NzI4Rl9tdF8xX3ZpZGVvX2Rhc2hpbml0Lm1wNBUAAsgBEgAVAhhAZmJfcGVybWFuZW50LzkzNEY1RUFBNUNGQ0MxRjA1NDRCQTY2OEI4MzM4OTk3X2F1ZGlvX2Rhc2hpbml0Lm1wNBUCAsgBEgAoABgAGwKIB3VzZV9vaWwBMRJwcm9ncmVzc2l2ZV9yZWNpcGUBMRUAACbWkomhrvaODhUCKAJDMywXQEmEOVgQYk4YGWRhc2hfaDI2NC1iYXNpYy1nZW4yXzcyMHARAHUAZarBAQA&_nc_gid=n__vFYKf95rCYOzkeOco1Q&_nc_ss=7b2a8&_nc_map=urlgen_bucketless&_nc_zt=28&_nc_eui2=AeErZp45Wzaf1fYC3octhbqVMRjs1oGddg8xGOzWgZ12DxWPunsFuwu7_BJyM5MnnN-Id6h7MIIgkr5IJacSTRbm&oh=00_AQLaEBSkW0SjqMORdRLX0J3p3Kv4vCd4IwJ3CHfhEHB6mw&oe=6ABD8E53,FACEBOOK | INSTAGRAM,,"جنون السعر 😱 فقط ب 16 دينار 🔥👏 الألياف الضوئيه الفل بكج 💯اكثر عرض مجنون ممكن تشوفو ولنهاية يوم السبت فقط ‼️‼️..

#الــربيع_وجــهتك_الأولــى
#الافضل_على_مستوى_المملكة
#سلسلة_عروض_الربيع"
1816369139354746,https://www.facebook.com/ads/library/?id=1816369139354746,,الربيع لكهرباء وزينة السيارات,100179971546459,https://web.facebook.com/allrbye/,https://www.facebook.com/ads/library/?active_status=active&ad_type=all&media_type=all&search_type=page&country=JO&view_all_page_id=100179971546459,2026-09-23,2026-09-26,3,TRUE,VIDEO,FALSE,1,fuc8cg,1,TRUE,3,,,none,Send message,,,,,,,,,,,,,,,,,video,1,https://scontent.famm3-2.fna.fbcdn.net/o1/v/t2/f2/m366/AQMzl4bs0YDiNn0kDpfgX8hPNKPmtWDE6aBwtdAcR0LFwaInGh5mUs0H-XOzhtaU6jC-hIHkZxwvuWVi670AgbJ3ps5YvUieITV_8T4voLOEmw.mp4?_nc_cat=101&_nc_oc=AdrziYJna5VzjkUG5oITyDMpvCllKBYgjluY7QRZBl2zOo67TM-QGOWipCMpRwwwx9c&_nc_sid=b66105&_nc_ht=scontent.famm3-2.fna.fbcdn.net&_nc_ohc=pBMcVZWYT5YQ7kNvwGeAFRZ&efg=eyJ2ZW5jb2RlX3RhZyI6Inhwdl9wcm9ncmVzc2l2ZS5WSV9VU0VDQVNFX1BST0RVQ1RfVFlQRS4uQzMuNzIwLmRhc2hfaDI2NC1iYXNpYy1nZW4yXzcyMHAiLCJ4cHZfYXNzZXRfaWQiOjE0MjEzNTMzMzI4MTY5NjMsImFzc2V0X2FnZV9kYXlzIjoyLCJ2aV91c2VjYXNlX2lkIjoxMjM3MywiZHVyYXRpb25fcyI6NDMsInVybGdlbl9zb3VyY2UiOiJ3d3cifQ%3D%3D&ccb=17-1&vs=e63b8991f3f83245&_nc_vs=HBksFQIYRWZiX2VwaGVtZXJhbC84MDQ5NDlCQTFGMzlBNDhCNDZBOUNCRTc2NzAxMUU5NV9tdF8xX3ZpZGVvX2Rhc2hpbml0Lm1wNBUAAsgBEgAVAhhAZmJfcGVybWFuZW50L0M1NDlGMzdEQ0NCRDQ2Q0FFMzBCQjg3RUU1M0I1OThEX2F1ZGlvX2Rhc2hpbml0Lm1wNBUCAsgBEgAoABgAGwKIB3VzZV9vaWwBMRJwcm9ncmVzc2l2ZV9yZWNpcGUBMRUAACaG8YXI062GBRUCKAJDMywXQEWZmZmZmZoYGWRhc2hfaDI2NC1iYXNpYy1nZW4yXzcyMHARAHUAZarBAQA&_nc_gid=n__vFYKf95rCYOzkeOco1Q&_nc_ss=7b2a8&_nc_map=urlgen_bucketless&_nc_zt=28&_nc_eui2=AeE8i_yWjqxbDA2_YDuAYj-z6JJu83fBw6Tokm7zd8HDpBBjl9-TVxWJnodVi_pEC0uDL_D_uvRVwqTVi53WnjHK&oh=00_AQJv3fPLpHmj3Gnf8gl3NSY-gMWQWY6GG925leutaQ-TGg&oe=6ABD8657,FACEBOOK | INSTAGRAM,,"مقوي صوت شاشات ال Android فقط ب 29 دينار 😱🔥 لنهاية يوم السبت ‼️..

#الــربيع_وجــهتك_الأولــى
#الافضل_على_مستوى_المملكة
#سلسلة_عروض_الربيع"